# Diagnostic data only. No production mapping or winner. Confidence tiers are qualitative, not probabilities.
DRUM_SHADOW_EVIDENCE|2|audit770-semantic-v1|ce833d9264e461bdfd23ab13c88eac0ebca046c6fc8b75ba876856610fb9b60d
TARGET|hat-edge|Yamaha|XG|127|0|73|16|Hi-Hat Edge 10 PD|HI_HAT|EDGE|Yamaha-PSR-SX900-SX700-Data-List|numbering-closed-raw73-display74
TARGET|hat-pedal-closed|Yamaha|XG|127|0|73|21|Hi-Hat Pedal Closed PD|HI_HAT|PEDAL_CLOSED|Yamaha-PSR-SX900-SX700-Data-List|numbering-closed-raw73-display74
TARGET|snare-hit|Yamaha|XG|127|0|73|31|Snare 4 PD|SNARE|HIT|Yamaha-PSR-SX900-SX700-Data-List|numbering-closed-raw73-display74
CANDIDATE|audit770-9e4686e4aa71-b128-pc2-k40|snare-hit|9e4686e4aa7173ffd1baf7ec6f80fcb3fe90880e824cf8c4e1defb5d153d47eb|128|2|40|0|127|COMPATIBLE|MEDIUM|110|03113c0a2ab749437b4a6e0ad1eeaeb61caeed6ef3b9a8c4a2d7634319048950|audit770-complete-analysis;metadata-plus-isolated-audition;no-Yamaha-exact-reference|inventory+sidecarSHA256=7b2f6e75d7000cad4e5ae9909a566ed58fcaf1ec86858ab0b56719034252acc6|wavSHA256=d46268266d7a1ebb7a70da5d2d5cec629d21ebe5080bace25954ef241823feb7;isolated-note-only;actual-sample-voice-UNKNOWN
CANDIDATE|audit770-9e4686e4aa71-b128-pc2-k42|hat-edge|9e4686e4aa7173ffd1baf7ec6f80fcb3fe90880e824cf8c4e1defb5d153d47eb|128|2|42|0|127|UNKNOWN|ARTICULATION_UNPROVEN|42|ab6cebbb6244d61e9504658ae3139d4f3eafd9d3bd3da6c3832b92dab4c34bed|audit770-complete-analysis;metadata-plus-isolated-audition;no-Yamaha-exact-reference|inventory+sidecarSHA256=9dad891b7035f6e7c60c3900ebe9d1455ace6c8cd0d737e40b7e35976addad75|wavSHA256=38ade5d4a08dfc60e0108cbd1e12b037058f96d126ba930d936b17ae17d63a83;isolated-note-only;actual-sample-voice-UNKNOWN
CANDIDATE|audit770-9e4686e4aa71-b128-pc2-k44|hat-pedal-closed|9e4686e4aa7173ffd1baf7ec6f80fcb3fe90880e824cf8c4e1defb5d153d47eb|128|2|44|0|127|COMPATIBLE|MEDIUM_HIGH|42|3cfecfb793e28e2a9004a0cb83aa95c8f5517226e48eb5a5c2d8da9315278e75|audit770-complete-analysis;metadata-plus-isolated-audition;no-Yamaha-exact-reference|inventory+sidecarSHA256=cc506652320aeacd19f9d0b0a20d315549b5294e32a53aa32e7a4154e2270b99|wavSHA256=2048c7601309459e080c7efa180cfa2d99b905fdf436b0036dfb62b8eca1be17;isolated-note-only;actual-sample-voice-UNKNOWN
CANDIDATE|audit770-e8c7356159c2-b126-pc35-k42|hat-edge|e8c7356159c200d945f13e113595ff06e7955779b0e9361709d9c7cdba164a82|126|35|42|0|127|UNKNOWN|ARTICULATION_UNPROVEN|42|0901706869cc7686b9847c3a760177766cc10b81843b0d3f74fec2d112b3ec74,223b8d8ac04f56e1a211cdc0e0516a5824939dc6250180ec53a4dae49ea90569|audit770-complete-analysis;metadata-plus-isolated-audition;no-Yamaha-exact-reference|inventory+sidecarSHA256=9083eed06aeab5af263a3bb5b365b02d4b088339ab3b5dbbafcfeb7dda065967|wavSHA256=d5d0fd590a08a391f2264096092d31460756c0081ea952d5f174a9d22271326e;isolated-note-only;actual-sample-voice-UNKNOWN
CANDIDATE|audit770-e8c7356159c2-b126-pc35-k44|hat-pedal-closed|e8c7356159c200d945f13e113595ff06e7955779b0e9361709d9c7cdba164a82|126|35|44|0|127|COMPATIBLE|MEDIUM|42|1f0bca9d7e77c40723db9730a577b5f03af7e9e6e56c878489c6743c33985429,91f35ad83e57266ca0b80bc4389f2f43a80612c88963348e58d6c7825a893c88|audit770-complete-analysis;metadata-plus-isolated-audition;no-Yamaha-exact-reference|inventory+sidecarSHA256=56ce0cc2cff2017cd60f9e0d67b4ced866647798d19cba49dcb4910c9773cc56|wavSHA256=48f63254ea48864e3659a9193a6eda48475226140578024de0bdae24960b9c53;isolated-note-only;actual-sample-voice-UNKNOWN
CANDIDATE|audit770-e8c7356159c2-b126-pc35-k91|snare-hit|e8c7356159c200d945f13e113595ff06e7955779b0e9361709d9c7cdba164a82|126|35|91|0|127|COMPATIBLE|MEDIUM|110|d4c92b0702991ce5c71d4e58f3299af9dd62cd191c3bedbefdf6f9b6e11f6cff|audit770-complete-analysis;metadata-plus-isolated-audition;no-Yamaha-exact-reference|inventory+sidecarSHA256=a3498ff82e9cca91ed5c5ea07e2c7b8be9791c08607ed7f35309589d15aadff9|wavSHA256=aa01b3713472f977513be3f43537c744cdc4fe2858d74966a0a34c178b3766d0;isolated-note-only;actual-sample-voice-UNKNOWN
